age_years,seropositive
37,1
63,1
6,0
57,1
39,1
25,1
1,0
7,0
15,1
16,1
13,0
6,1
3,0
3,0
52,1
55,1
102,1
33,1
9,0
100,1
32,1
8,1
22,0
71,1
69,0
10,1
70,1
12,0
53,1
7,0
47,1
13,1
28,1
22,1
18,1
12,1
49,1
35,1
47,0
92,1
7,0
6,1
9,1
21,1
17,1
30,0
5,0
3,0
12,0
7,0
176,1
4,0
80,1
17,1
16,1
6,0
15,1
19,1
19,1
1,0
61,0
17,1
25,1
79,1
37,1
3,0
68,1
14,1
23,0
1,0
0,0
6,0
21,1
5,0
4,0
21,1
19,1
54,1
13,0
48,1
2,0
0,0
3,0
20,1
32,1
5,1
75,1
71,1
14,1
59,1
0,0
76,1
17,1
13,0
22,1
5,1
29,0
83,1
50,1
29,1
