UserStatus,NumberOfContacts
ID,2
ID,-0
ID,2
ID,1
ID,2
ID,-0
ID,3
ID,10
ID,-0
ID,3
ID,2
ID,1
ID,13
ID,4
ID,1
ID,22
ID,13
ID,5
ID,4
ID,1
ID,7
ID,4
ID,1
ID,-0
ID,2
ID,-0
ID,-0
ID,2
ID,-0
ID,-0
ID,4
ID,-0
ID,-0
ID,4
ID,1
ID,4
ID,8
ID,1
ID,2
ID,2
ID,6
ID,5
ID,1
ID,2
ID,5
ID,5
ID,6
ID,3
ID,2
ID,11
NID,4
NID,1
NID,1
NID,1
NID,5
NID,4
NID,2
NID,-0
NID,-0
NID,1
NID,1
NID,-0
NID,1
NID,3
NID,4
NID,3
NID,2
NID,1
NID,-0
NID,2
NID,3
NID,1
NID,3
NID,4
NID,10
NID,1
NID,14
NID,1
NID,1
NID,6
NID,2
NID,-0
NID,1
NID,2
NID,1
NID,2
NID,6
NID,-0
NID,-0
NID,1
NID,1
NID,1
NID,1
NID,3
NID,-0
NID,-0
NID,-0
NID,4
NID,12
NID,-0
NID,-0
NID,1
NID,7
NID,2
NID,-0
NID,-0
NID,-0
NID,4
NID,-0
NID,6
NID,1
NID,1
NID,1
NID,2
NID,8
NID,2
NID,1
NID,11
NID,1
NID,2
NID,-0
NID,-0
NID,3
NID,3
NID,5
NID,-0
NID,-0
NID,1
NID,2
NID,1
NID,1
NID,1
NID,-0
NID,2
NID,1
NID,8
NID,3
NID,-0
NID,3
NID,7
NID,-0
NID,1
NID,1
NID,-0
NID,4
NID,-0
NID,2
NID,-0
NID,2
NID,1
NID,2
NID,-0
NID,2
NID,-0
NID,-0
NID,3
NID,-0
NID,-0
NID,-0
NID,4
NID,5
NID,-0
NID,-0
NID,-0
NID,-0
NID,1
NID,1
NID,7
NID,1
NID,-0
NID,-0
NID,3
NID,-0
NID,-0
NID,-0
NID,2
NID,7
NID,2
NID,2
NID,1
NID,7
NID,5
NID,3
NID,-0
NID,-0
NID,1
NID,2
NID,3
NID,8
NID,-0
NID,3
NID,-0
NID,5
NID,1
NID,2
NID,-0
NID,-0
NID,2
NID,-0
NID,5
NID,8
NID,-0
NID,-0
NID,1
NID,7
NID,-0
NID,-0
NID,1
NID,1
NID,6
NID,2
NID,-0
NID,1
NID,1
NID,-0
NID,10
NID,3
NID,4
NID,8
NID,3
NID,-0
NID,4
NID,-0
NID,5
NID,1
NID,2
NID,1
NID,-0
NID,3
NID,3
NID,6
NID,4
NID,-0
NID,-0
NID,1
NID,1
NID,-0
NID,7
NID,-0
NID,-0
NID,4
NID,1
NID,1
NID,1
NID,-0
NID,1
NID,1
NID,-0
NID,6
NID,1
