ParticipantID,UserStatus,NumberOfContacts,Contact1,Contact2,Contact3,Contact4,Contact5,Contact6,Contact7,Contact8,Contact9,Contact10,Contact11
1,ID,6,0,1,1,1,1,1,NaN,NaN,NaN,NaN,NaN
2,ID,4,1,0,0,1,NaN,NaN,NaN,NaN,NaN,NaN,NaN
3,ID,6,1,1,1,1,1,1,NaN,NaN,NaN,NaN,NaN
4,ID,5,1,1,1,0,1,NaN,NaN,NaN,NaN,NaN,NaN
5,ID,3,0,1,1,NaN,NaN,NaN,NaN,NaN,NaN,NaN,NaN
6,ID,-0,NaN,NaN,NaN,NaN,NaN,NaN,NaN,NaN,NaN,NaN,NaN
7,ID,-0,NaN,NaN,NaN,NaN,NaN,NaN,NaN,NaN,NaN,NaN,NaN
8,ID,2,0,1,NaN,NaN,NaN,NaN,NaN,NaN,NaN,NaN,NaN
9,ID,2,0,0,NaN,NaN,NaN,NaN,NaN,NaN,NaN,NaN,NaN
10,ID,11,1,1,1,1,1,1,1,1,1,1,0
11,ID,2,1,1,NaN,NaN,NaN,NaN,NaN,NaN,NaN,NaN,NaN
12,ID,-0,NaN,NaN,NaN,NaN,NaN,NaN,NaN,NaN,NaN,NaN,NaN
13,ID,3,1,0,1,NaN,NaN,NaN,NaN,NaN,NaN,NaN,NaN
14,ID,4,1,1,1,0,NaN,NaN,NaN,NaN,NaN,NaN,NaN
15,ID,10,1,1,1,1,1,0,1,1,0,1,NaN
16,ID,1,1,NaN,NaN,NaN,NaN,NaN,NaN,NaN,NaN,NaN,NaN
17,ID,-0,NaN,NaN,NaN,NaN,NaN,NaN,NaN,NaN,NaN,NaN,NaN
18,ID,1,1,NaN,NaN,NaN,NaN,NaN,NaN,NaN,NaN,NaN,NaN
19,ID,3,1,1,1,NaN,NaN,NaN,NaN,NaN,NaN,NaN,NaN
20,ID,1,0,NaN,NaN,NaN,NaN,NaN,NaN,NaN,NaN,NaN,NaN
21,ID,2,1,1,NaN,NaN,NaN,NaN,NaN,NaN,NaN,NaN,NaN
22,ID,1,1,NaN,NaN,NaN,NaN,NaN,NaN,NaN,NaN,NaN,NaN
23,ID,1,1,NaN,NaN,NaN,NaN,NaN,NaN,NaN,NaN,NaN,NaN
24,ID,3,1,1,1,NaN,NaN,NaN,NaN,NaN,NaN,NaN,NaN
25,ID,-0,NaN,NaN,NaN,NaN,NaN,NaN,NaN,NaN,NaN,NaN,NaN
26,ID,2,1,0,NaN,NaN,NaN,NaN,NaN,NaN,NaN,NaN,NaN
27,ID,2,1,0,NaN,NaN,NaN,NaN,NaN,NaN,NaN,NaN,NaN
28,ID,1,1,NaN,NaN,NaN,NaN,NaN,NaN,NaN,NaN,NaN,NaN
29,ID,-0,NaN,NaN,NaN,NaN,NaN,NaN,NaN,NaN,NaN,NaN,NaN
30,ID,4,1,1,1,1,NaN,NaN,NaN,NaN,NaN,NaN,NaN
31,ID,1,1,NaN,NaN,NaN,NaN,NaN,NaN,NaN,NaN,NaN,NaN
32,ID,2,1,1,NaN,NaN,NaN,NaN,NaN,NaN,NaN,NaN,NaN
33,ID,4,1,1,1,1,NaN,NaN,NaN,NaN,NaN,NaN,NaN
34,ID,3,1,1,1,NaN,NaN,NaN,NaN,NaN,NaN,NaN,NaN
35,ID,1,0,NaN,NaN,NaN,NaN,NaN,NaN,NaN,NaN,NaN,NaN
36,ID,6,1,1,0,1,1,1,NaN,NaN,NaN,NaN,NaN
37,ID,-0,NaN,NaN,NaN,NaN,NaN,NaN,NaN,NaN,NaN,NaN,NaN
38,ID,-0,NaN,NaN,NaN,NaN,NaN,NaN,NaN,NaN,NaN,NaN,NaN
39,ID,5,1,0,1,0,1,NaN,NaN,NaN,NaN,NaN,NaN
40,ID,4,0,0,1,0,NaN,NaN,NaN,NaN,NaN,NaN,NaN
41,ID,-0,NaN,NaN,NaN,NaN,NaN,NaN,NaN,NaN,NaN,NaN,NaN
42,ID,1,0,NaN,NaN,NaN,NaN,NaN,NaN,NaN,NaN,NaN,NaN
43,ID,1,0,NaN,NaN,NaN,NaN,NaN,NaN,NaN,NaN,NaN,NaN
44,ID,2,1,1,NaN,NaN,NaN,NaN,NaN,NaN,NaN,NaN,NaN
45,ID,-0,NaN,NaN,NaN,NaN,NaN,NaN,NaN,NaN,NaN,NaN,NaN
46,ID,3,0,0,0,NaN,NaN,NaN,NaN,NaN,NaN,NaN,NaN
47,ID,-0,NaN,NaN,NaN,NaN,NaN,NaN,NaN,NaN,NaN,NaN,NaN
48,ID,9,1,0,0,1,1,0,1,0,1,NaN,NaN
49,ID,2,1,1,NaN,NaN,NaN,NaN,NaN,NaN,NaN,NaN,NaN
50,ID,1,0,NaN,NaN,NaN,NaN,NaN,NaN,NaN,NaN,NaN,NaN
51,NID,3,0,0,0,NaN,NaN,NaN,NaN,NaN,NaN,NaN,NaN
52,NID,1,0,NaN,NaN,NaN,NaN,NaN,NaN,NaN,NaN,NaN,NaN
53,NID,2,0,0,NaN,NaN,NaN,NaN,NaN,NaN,NaN,NaN,NaN
54,NID,-0,NaN,NaN,NaN,NaN,NaN,NaN,NaN,NaN,NaN,NaN,NaN
55,NID,-0,NaN,NaN,NaN,NaN,NaN,NaN,NaN,NaN,NaN,NaN,NaN
56,NID,-0,NaN,NaN,NaN,NaN,NaN,NaN,NaN,NaN,NaN,NaN,NaN
57,NID,-0,NaN,NaN,NaN,NaN,NaN,NaN,NaN,NaN,NaN,NaN,NaN
58,NID,1,0,NaN,NaN,NaN,NaN,NaN,NaN,NaN,NaN,NaN,NaN
59,NID,6,0,0,0,0,0,0,NaN,NaN,NaN,NaN,NaN
60,NID,2,0,0,NaN,NaN,NaN,NaN,NaN,NaN,NaN,NaN,NaN
61,NID,4,0,0,0,0,NaN,NaN,NaN,NaN,NaN,NaN,NaN
62,NID,-0,NaN,NaN,NaN,NaN,NaN,NaN,NaN,NaN,NaN,NaN,NaN
63,NID,1,0,NaN,NaN,NaN,NaN,NaN,NaN,NaN,NaN,NaN,NaN
64,NID,-0,NaN,NaN,NaN,NaN,NaN,NaN,NaN,NaN,NaN,NaN,NaN
65,NID,1,0,NaN,NaN,NaN,NaN,NaN,NaN,NaN,NaN,NaN,NaN
66,NID,1,0,NaN,NaN,NaN,NaN,NaN,NaN,NaN,NaN,NaN,NaN
67,NID,5,0,0,0,0,0,NaN,NaN,NaN,NaN,NaN,NaN
68,NID,-0,NaN,NaN,NaN,NaN,NaN,NaN,NaN,NaN,NaN,NaN,NaN
69,NID,1,0,NaN,NaN,NaN,NaN,NaN,NaN,NaN,NaN,NaN,NaN
70,NID,4,0,0,0,0,NaN,NaN,NaN,NaN,NaN,NaN,NaN
71,NID,2,0,0,NaN,NaN,NaN,NaN,NaN,NaN,NaN,NaN,NaN
72,NID,-0,NaN,NaN,NaN,NaN,NaN,NaN,NaN,NaN,NaN,NaN,NaN
73,NID,1,0,NaN,NaN,NaN,NaN,NaN,NaN,NaN,NaN,NaN,NaN
74,NID,1,0,NaN,NaN,NaN,NaN,NaN,NaN,NaN,NaN,NaN,NaN
75,NID,2,0,1,NaN,NaN,NaN,NaN,NaN,NaN,NaN,NaN,NaN
76,NID,4,0,0,0,0,NaN,NaN,NaN,NaN,NaN,NaN,NaN
77,NID,3,0,0,0,NaN,NaN,NaN,NaN,NaN,NaN,NaN,NaN
78,NID,3,0,0,0,NaN,NaN,NaN,NaN,NaN,NaN,NaN,NaN
79,NID,1,0,NaN,NaN,NaN,NaN,NaN,NaN,NaN,NaN,NaN,NaN
80,NID,1,0,NaN,NaN,NaN,NaN,NaN,NaN,NaN,NaN,NaN,NaN
81,NID,2,0,0,NaN,NaN,NaN,NaN,NaN,NaN,NaN,NaN,NaN
82,NID,-0,NaN,NaN,NaN,NaN,NaN,NaN,NaN,NaN,NaN,NaN,NaN
83,NID,2,0,0,NaN,NaN,NaN,NaN,NaN,NaN,NaN,NaN,NaN
84,NID,1,0,NaN,NaN,NaN,NaN,NaN,NaN,NaN,NaN,NaN,NaN
85,NID,3,0,0,0,NaN,NaN,NaN,NaN,NaN,NaN,NaN,NaN
86,NID,3,0,0,0,NaN,NaN,NaN,NaN,NaN,NaN,NaN,NaN
87,NID,2,0,0,NaN,NaN,NaN,NaN,NaN,NaN,NaN,NaN,NaN
88,NID,-0,NaN,NaN,NaN,NaN,NaN,NaN,NaN,NaN,NaN,NaN,NaN
89,NID,1,0,NaN,NaN,NaN,NaN,NaN,NaN,NaN,NaN,NaN,NaN
90,NID,1,0,NaN,NaN,NaN,NaN,NaN,NaN,NaN,NaN,NaN,NaN
91,NID,3,0,0,0,NaN,NaN,NaN,NaN,NaN,NaN,NaN,NaN
92,NID,5,1,0,0,0,0,NaN,NaN,NaN,NaN,NaN,NaN
93,NID,1,0,NaN,NaN,NaN,NaN,NaN,NaN,NaN,NaN,NaN,NaN
94,NID,-0,NaN,NaN,NaN,NaN,NaN,NaN,NaN,NaN,NaN,NaN,NaN
95,NID,5,0,0,0,0,0,NaN,NaN,NaN,NaN,NaN,NaN
96,NID,4,0,0,0,0,NaN,NaN,NaN,NaN,NaN,NaN,NaN
97,NID,11,0,0,0,0,0,0,0,0,0,0,0
98,NID,-0,NaN,NaN,NaN,NaN,NaN,NaN,NaN,NaN,NaN,NaN,NaN
99,NID,1,0,NaN,NaN,NaN,NaN,NaN,NaN,NaN,NaN,NaN,NaN
100,NID,1,0,NaN,NaN,NaN,NaN,NaN,NaN,NaN,NaN,NaN,NaN
101,NID,-0,NaN,NaN,NaN,NaN,NaN,NaN,NaN,NaN,NaN,NaN,NaN
102,NID,2,1,0,NaN,NaN,NaN,NaN,NaN,NaN,NaN,NaN,NaN
103,NID,1,0,NaN,NaN,NaN,NaN,NaN,NaN,NaN,NaN,NaN,NaN
104,NID,-0,NaN,NaN,NaN,NaN,NaN,NaN,NaN,NaN,NaN,NaN,NaN
105,NID,6,0,0,0,0,0,1,NaN,NaN,NaN,NaN,NaN
106,NID,1,0,NaN,NaN,NaN,NaN,NaN,NaN,NaN,NaN,NaN,NaN
107,NID,1,0,NaN,NaN,NaN,NaN,NaN,NaN,NaN,NaN,NaN,NaN
108,NID,-0,NaN,NaN,NaN,NaN,NaN,NaN,NaN,NaN,NaN,NaN,NaN
109,NID,1,0,NaN,NaN,NaN,NaN,NaN,NaN,NaN,NaN,NaN,NaN
110,NID,5,0,0,0,0,0,NaN,NaN,NaN,NaN,NaN,NaN
111,NID,1,0,NaN,NaN,NaN,NaN,NaN,NaN,NaN,NaN,NaN,NaN
112,NID,4,0,0,0,0,NaN,NaN,NaN,NaN,NaN,NaN,NaN
113,NID,2,0,0,NaN,NaN,NaN,NaN,NaN,NaN,NaN,NaN,NaN
114,NID,1,0,NaN,NaN,NaN,NaN,NaN,NaN,NaN,NaN,NaN,NaN
115,NID,-0,NaN,NaN,NaN,NaN,NaN,NaN,NaN,NaN,NaN,NaN,NaN
116,NID,1,0,NaN,NaN,NaN,NaN,NaN,NaN,NaN,NaN,NaN,NaN
117,NID,-0,NaN,NaN,NaN,NaN,NaN,NaN,NaN,NaN,NaN,NaN,NaN
118,NID,5,0,0,0,0,0,NaN,NaN,NaN,NaN,NaN,NaN
119,NID,1,0,NaN,NaN,NaN,NaN,NaN,NaN,NaN,NaN,NaN,NaN
120,NID,-0,NaN,NaN,NaN,NaN,NaN,NaN,NaN,NaN,NaN,NaN,NaN
121,NID,5,0,0,0,0,0,NaN,NaN,NaN,NaN,NaN,NaN
122,NID,1,0,NaN,NaN,NaN,NaN,NaN,NaN,NaN,NaN,NaN,NaN
123,NID,6,0,0,0,0,0,0,NaN,NaN,NaN,NaN,NaN
124,NID,2,0,0,NaN,NaN,NaN,NaN,NaN,NaN,NaN,NaN,NaN
125,NID,-0,NaN,NaN,NaN,NaN,NaN,NaN,NaN,NaN,NaN,NaN,NaN
126,NID,5,0,0,0,0,0,NaN,NaN,NaN,NaN,NaN,NaN
127,NID,-0,NaN,NaN,NaN,NaN,NaN,NaN,NaN,NaN,NaN,NaN,NaN
128,NID,1,0,NaN,NaN,NaN,NaN,NaN,NaN,NaN,NaN,NaN,NaN
129,NID,-0,NaN,NaN,NaN,NaN,NaN,NaN,NaN,NaN,NaN,NaN,NaN
130,NID,1,0,NaN,NaN,NaN,NaN,NaN,NaN,NaN,NaN,NaN,NaN
131,NID,2,0,1,NaN,NaN,NaN,NaN,NaN,NaN,NaN,NaN,NaN
132,NID,1,0,NaN,NaN,NaN,NaN,NaN,NaN,NaN,NaN,NaN,NaN
133,NID,1,0,NaN,NaN,NaN,NaN,NaN,NaN,NaN,NaN,NaN,NaN
134,NID,5,0,0,0,0,0,NaN,NaN,NaN,NaN,NaN,NaN
135,NID,1,0,NaN,NaN,NaN,NaN,NaN,NaN,NaN,NaN,NaN,NaN
136,NID,-0,NaN,NaN,NaN,NaN,NaN,NaN,NaN,NaN,NaN,NaN,NaN
137,NID,1,0,NaN,NaN,NaN,NaN,NaN,NaN,NaN,NaN,NaN,NaN
138,NID,1,0,NaN,NaN,NaN,NaN,NaN,NaN,NaN,NaN,NaN,NaN
139,NID,1,0,NaN,NaN,NaN,NaN,NaN,NaN,NaN,NaN,NaN,NaN
140,NID,3,0,0,0,NaN,NaN,NaN,NaN,NaN,NaN,NaN,NaN
141,NID,-0,NaN,NaN,NaN,NaN,NaN,NaN,NaN,NaN,NaN,NaN,NaN
142,NID,4,0,0,0,0,NaN,NaN,NaN,NaN,NaN,NaN,NaN
143,NID,-0,NaN,NaN,NaN,NaN,NaN,NaN,NaN,NaN,NaN,NaN,NaN
144,NID,3,0,0,0,NaN,NaN,NaN,NaN,NaN,NaN,NaN,NaN
145,NID,4,0,0,0,0,NaN,NaN,NaN,NaN,NaN,NaN,NaN
146,NID,-0,NaN,NaN,NaN,NaN,NaN,NaN,NaN,NaN,NaN,NaN,NaN
147,NID,3,0,0,0,NaN,NaN,NaN,NaN,NaN,NaN,NaN,NaN
148,NID,4,0,0,0,0,NaN,NaN,NaN,NaN,NaN,NaN,NaN
149,NID,1,0,NaN,NaN,NaN,NaN,NaN,NaN,NaN,NaN,NaN,NaN
150,NID,3,0,0,0,NaN,NaN,NaN,NaN,NaN,NaN,NaN,NaN
151,NID,3,0,0,0,NaN,NaN,NaN,NaN,NaN,NaN,NaN,NaN
152,NID,-0,NaN,NaN,NaN,NaN,NaN,NaN,NaN,NaN,NaN,NaN,NaN
153,NID,2,0,0,NaN,NaN,NaN,NaN,NaN,NaN,NaN,NaN,NaN
154,NID,5,0,0,0,1,1,NaN,NaN,NaN,NaN,NaN,NaN
155,NID,4,0,0,0,0,NaN,NaN,NaN,NaN,NaN,NaN,NaN
156,NID,2,0,0,NaN,NaN,NaN,NaN,NaN,NaN,NaN,NaN,NaN
157,NID,-0,NaN,NaN,NaN,NaN,NaN,NaN,NaN,NaN,NaN,NaN,NaN
158,NID,1,0,NaN,NaN,NaN,NaN,NaN,NaN,NaN,NaN,NaN,NaN
159,NID,3,0,0,0,NaN,NaN,NaN,NaN,NaN,NaN,NaN,NaN
160,NID,2,0,0,NaN,NaN,NaN,NaN,NaN,NaN,NaN,NaN,NaN
161,NID,-0,NaN,NaN,NaN,NaN,NaN,NaN,NaN,NaN,NaN,NaN,NaN
162,NID,-0,NaN,NaN,NaN,NaN,NaN,NaN,NaN,NaN,NaN,NaN,NaN
163,NID,1,0,NaN,NaN,NaN,NaN,NaN,NaN,NaN,NaN,NaN,NaN
164,NID,3,0,0,0,NaN,NaN,NaN,NaN,NaN,NaN,NaN,NaN
165,NID,1,0,NaN,NaN,NaN,NaN,NaN,NaN,NaN,NaN,NaN,NaN
166,NID,4,0,0,0,0,NaN,NaN,NaN,NaN,NaN,NaN,NaN
167,NID,-0,NaN,NaN,NaN,NaN,NaN,NaN,NaN,NaN,NaN,NaN,NaN
168,NID,3,0,0,0,NaN,NaN,NaN,NaN,NaN,NaN,NaN,NaN
169,NID,4,0,0,0,0,NaN,NaN,NaN,NaN,NaN,NaN,NaN
170,NID,8,0,0,0,0,0,0,1,0,NaN,NaN,NaN
171,NID,2,0,0,NaN,NaN,NaN,NaN,NaN,NaN,NaN,NaN,NaN
172,NID,1,0,NaN,NaN,NaN,NaN,NaN,NaN,NaN,NaN,NaN,NaN
173,NID,-0,NaN,NaN,NaN,NaN,NaN,NaN,NaN,NaN,NaN,NaN,NaN
174,NID,-0,NaN,NaN,NaN,NaN,NaN,NaN,NaN,NaN,NaN,NaN,NaN
175,NID,9,0,1,0,0,0,0,0,0,0,NaN,NaN
176,NID,2,0,0,NaN,NaN,NaN,NaN,NaN,NaN,NaN,NaN,NaN
177,NID,1,0,NaN,NaN,NaN,NaN,NaN,NaN,NaN,NaN,NaN,NaN
178,NID,1,0,NaN,NaN,NaN,NaN,NaN,NaN,NaN,NaN,NaN,NaN
179,NID,7,0,0,0,0,0,0,0,NaN,NaN,NaN,NaN
180,NID,1,0,NaN,NaN,NaN,NaN,NaN,NaN,NaN,NaN,NaN,NaN
181,NID,1,0,NaN,NaN,NaN,NaN,NaN,NaN,NaN,NaN,NaN,NaN
182,NID,2,0,0,NaN,NaN,NaN,NaN,NaN,NaN,NaN,NaN,NaN
183,NID,2,0,0,NaN,NaN,NaN,NaN,NaN,NaN,NaN,NaN,NaN
184,NID,4,0,0,0,0,NaN,NaN,NaN,NaN,NaN,NaN,NaN
185,NID,2,0,0,NaN,NaN,NaN,NaN,NaN,NaN,NaN,NaN,NaN
186,NID,-0,NaN,NaN,NaN,NaN,NaN,NaN,NaN,NaN,NaN,NaN,NaN
187,NID,8,0,0,0,0,0,0,0,0,NaN,NaN,NaN
188,NID,3,1,0,0,NaN,NaN,NaN,NaN,NaN,NaN,NaN,NaN
189,NID,-0,NaN,NaN,NaN,NaN,NaN,NaN,NaN,NaN,NaN,NaN,NaN
190,NID,1,0,NaN,NaN,NaN,NaN,NaN,NaN,NaN,NaN,NaN,NaN
191,NID,4,0,0,0,0,NaN,NaN,NaN,NaN,NaN,NaN,NaN
192,NID,-0,NaN,NaN,NaN,NaN,NaN,NaN,NaN,NaN,NaN,NaN,NaN
193,NID,8,0,0,0,0,0,0,0,0,NaN,NaN,NaN
194,NID,5,0,0,0,0,0,NaN,NaN,NaN,NaN,NaN,NaN
195,NID,3,0,0,0,NaN,NaN,NaN,NaN,NaN,NaN,NaN,NaN
196,NID,-0,NaN,NaN,NaN,NaN,NaN,NaN,NaN,NaN,NaN,NaN,NaN
197,NID,-0,NaN,NaN,NaN,NaN,NaN,NaN,NaN,NaN,NaN,NaN,NaN
198,NID,3,0,0,0,NaN,NaN,NaN,NaN,NaN,NaN,NaN,NaN
199,NID,-0,NaN,NaN,NaN,NaN,NaN,NaN,NaN,NaN,NaN,NaN,NaN
200,NID,-0,NaN,NaN,NaN,NaN,NaN,NaN,NaN,NaN,NaN,NaN,NaN
201,NID,-0,NaN,NaN,NaN,NaN,NaN,NaN,NaN,NaN,NaN,NaN,NaN
202,NID,-0,NaN,NaN,NaN,NaN,NaN,NaN,NaN,NaN,NaN,NaN,NaN
203,NID,2,0,0,NaN,NaN,NaN,NaN,NaN,NaN,NaN,NaN,NaN
204,NID,-0,NaN,NaN,NaN,NaN,NaN,NaN,NaN,NaN,NaN,NaN,NaN
205,NID,2,0,0,NaN,NaN,NaN,NaN,NaN,NaN,NaN,NaN,NaN
206,NID,4,0,0,0,0,NaN,NaN,NaN,NaN,NaN,NaN,NaN
207,NID,2,0,0,NaN,NaN,NaN,NaN,NaN,NaN,NaN,NaN,NaN
208,NID,-0,NaN,NaN,NaN,NaN,NaN,NaN,NaN,NaN,NaN,NaN,NaN
209,NID,-0,NaN,NaN,NaN,NaN,NaN,NaN,NaN,NaN,NaN,NaN,NaN
210,NID,-0,NaN,NaN,NaN,NaN,NaN,NaN,NaN,NaN,NaN,NaN,NaN
211,NID,1,0,NaN,NaN,NaN,NaN,NaN,NaN,NaN,NaN,NaN,NaN
212,NID,-0,NaN,NaN,NaN,NaN,NaN,NaN,NaN,NaN,NaN,NaN,NaN
213,NID,2,1,0,NaN,NaN,NaN,NaN,NaN,NaN,NaN,NaN,NaN
214,NID,7,0,0,0,0,1,0,0,NaN,NaN,NaN,NaN
215,NID,3,0,0,1,NaN,NaN,NaN,NaN,NaN,NaN,NaN,NaN
216,NID,8,0,0,0,0,0,0,0,0,NaN,NaN,NaN
217,NID,-0,NaN,NaN,NaN,NaN,NaN,NaN,NaN,NaN,NaN,NaN,NaN
218,NID,2,0,0,NaN,NaN,NaN,NaN,NaN,NaN,NaN,NaN,NaN
219,NID,5,1,0,0,0,1,NaN,NaN,NaN,NaN,NaN,NaN
220,NID,4,0,0,0,0,NaN,NaN,NaN,NaN,NaN,NaN,NaN
221,NID,3,0,0,0,NaN,NaN,NaN,NaN,NaN,NaN,NaN,NaN
222,NID,3,0,0,0,NaN,NaN,NaN,NaN,NaN,NaN,NaN,NaN
223,NID,-0,NaN,NaN,NaN,NaN,NaN,NaN,NaN,NaN,NaN,NaN,NaN
224,NID,-0,NaN,NaN,NaN,NaN,NaN,NaN,NaN,NaN,NaN,NaN,NaN
225,NID,2,0,1,NaN,NaN,NaN,NaN,NaN,NaN,NaN,NaN,NaN
226,NID,2,0,0,NaN,NaN,NaN,NaN,NaN,NaN,NaN,NaN,NaN
227,NID,1,1,NaN,NaN,NaN,NaN,NaN,NaN,NaN,NaN,NaN,NaN
228,NID,1,0,NaN,NaN,NaN,NaN,NaN,NaN,NaN,NaN,NaN,NaN
229,NID,2,1,0,NaN,NaN,NaN,NaN,NaN,NaN,NaN,NaN,NaN
230,NID,-0,NaN,NaN,NaN,NaN,NaN,NaN,NaN,NaN,NaN,NaN,NaN
231,NID,3,0,0,0,NaN,NaN,NaN,NaN,NaN,NaN,NaN,NaN
232,NID,-0,NaN,NaN,NaN,NaN,NaN,NaN,NaN,NaN,NaN,NaN,NaN
233,NID,2,0,0,NaN,NaN,NaN,NaN,NaN,NaN,NaN,NaN,NaN
234,NID,-0,NaN,NaN,NaN,NaN,NaN,NaN,NaN,NaN,NaN,NaN,NaN
235,NID,3,1,0,0,NaN,NaN,NaN,NaN,NaN,NaN,NaN,NaN
236,NID,8,0,1,0,0,0,0,0,0,NaN,NaN,NaN
237,NID,-0,NaN,NaN,NaN,NaN,NaN,NaN,NaN,NaN,NaN,NaN,NaN
238,NID,1,0,NaN,NaN,NaN,NaN,NaN,NaN,NaN,NaN,NaN,NaN
239,NID,-0,NaN,NaN,NaN,NaN,NaN,NaN,NaN,NaN,NaN,NaN,NaN
240,NID,1,0,NaN,NaN,NaN,NaN,NaN,NaN,NaN,NaN,NaN,NaN
241,NID,-0,NaN,NaN,NaN,NaN,NaN,NaN,NaN,NaN,NaN,NaN,NaN
242,NID,-0,NaN,NaN,NaN,NaN,NaN,NaN,NaN,NaN,NaN,NaN,NaN
243,NID,-0,NaN,NaN,NaN,NaN,NaN,NaN,NaN,NaN,NaN,NaN,NaN
244,NID,-0,NaN,NaN,NaN,NaN,NaN,NaN,NaN,NaN,NaN,NaN,NaN
245,NID,-0,NaN,NaN,NaN,NaN,NaN,NaN,NaN,NaN,NaN,NaN,NaN
246,NID,-0,NaN,NaN,NaN,NaN,NaN,NaN,NaN,NaN,NaN,NaN,NaN
247,NID,4,0,0,1,0,NaN,NaN,NaN,NaN,NaN,NaN,NaN
248,NID,2,0,0,NaN,NaN,NaN,NaN,NaN,NaN,NaN,NaN,NaN
249,NID,8,0,0,0,0,0,0,0,0,NaN,NaN,NaN
250,NID,-0,NaN,NaN,NaN,NaN,NaN,NaN,NaN,NaN,NaN,NaN,NaN
