age_years,seropositive
88.5,0
55.6,1
55.2,1
75.6,1
53.2,1
89.6,1
23.0,1
23.7,1
34.1,1
4.9,0
15.5,0
23.2,1
10.0,1
41.8,0
44.0,1
51.3,1
2.8,1
5.3,0
69.3,1
61.9,1
50.6,1
4.4,0
3.0,0
88.7,1
26.4,1
21.6,1
9.5,0
28.6,0
4.6,0
58.6,1
38.7,1
80.6,1
29.6,1
32.2,1
49.5,1
44.7,1
36.0,0
21.0,1
42.8,1
25.4,1
65.1,1
49.2,1
0.8,0
67.8,1
23.9,1
47.2,1
8.6,0
6.1,1
43.6,1
30.1,1
16.7,1
18.8,1
42.2,1
26.1,0
0.4,0
11.3,1
36.8,1
15.2,0
35.0,1
47.0,1
44.6,1
55.0,1
25.8,1
29.4,1
18.9,1
55.1,1
15.3,1
54.0,1
88.4,1
48.2,0
73.3,1
99.7,1
66.7,1
69.4,1
31.6,1
91.9,0
3.4,0
24.9,1
32.2,1
24.4,1
41.4,1
65.9,1
35.8,1
10.0,0
19.5,1
23.4,0
79.9,1
52.2,0
52.6,0
98.7,1
17.5,1
66.1,0
66.4,0
30.5,0
81.2,0
17.5,0
2.1,1
31.2,1
35.5,1
8.9,0
20.0,1
35.3,1
10.1,1
39.2,1
11.2,1
43.8,1
92.9,1
55.5,1
58.3,0
12.6,0
46.0,1
18.9,1
8.7,1
37.3,1
14.6,0
21.9,1
6.0,0
47.5,1
29.3,1
22.7,1
31.1,0
78.0,0
73.7,1
37.6,1
20.9,1
69.0,0
57.5,1
1.7,0
11.7,0
25.7,1
0.1,1
81.2,1
34.6,1
20.7,1
50.0,1
10.1,1
64.7,1
18.3,1
81.6,1
55.1,1
28.9,0
1.2,1
24.5,1
81.3,1
28.2,1
95.8,1
11.2,1
65.2,1
11.9,0
30.2,0
9.3,1
20.6,1
16.3,1
4.7,0
39.6,1
49.9,0
38.8,1
8.4,1
72.3,1
59.4,1
41.7,1
36.0,1
36.0,0
22.7,1
63.7,1
88.0,0
18.9,1
9.5,0
92.8,1
18.5,1
66.5,1
24.3,1
16.8,1
73.8,1
53.8,1
46.6,1
23.1,0
6.9,0
23.8,1
6.2,1
34.2,1
13.4,1
11.2,1
22.2,1
28.6,0
11.2,1
11.9,0
41.6,1
57.4,1
37.9,1
8.1,1
81.4,1
26.1,1
8.0,1
36.6,0
41.7,1
1.3,1
19.4,1
32.8,1
52.3,1
31.9,1
86.0,1
57.3,0
7.0,0
58.3,1
31.3,1
66.9,0
7.5,1
62.2,1
12.2,0
31.4,1
41.6,1
79.2,1
81.2,1
98.2,1
67.9,0
88.7,1
63.5,1
4.8,1
95.5,1
64.7,1
29.2,1
20.3,1
1.7,0
42.2,1
7.3,0
1.2,1
76.5,1
44.6,1
29.8,1
19.8,0
23.0,1
51.8,1
25.1,1
44.2,0
81.1,1
1.9,0
12.3,0
7.2,0
17.2,1
63.9,1
18.5,1
81.4,0
58.6,1
18.2,0
26.5,1
55.9,1
45.8,1
19.3,1
67.8,1
22.2,1
0.7,0
47.3,1
25.8,1
4.4,0
6.6,0
44.9,0
40.9,1
15.2,1
67.7,1
34.9,1
30.7,1
10.3,0
13.3,0
50.6,1
21.9,1
47.1,1
24.6,1
42.1,1
45.4,0
69.2,0
2.9,1
14.2,0
51.9,1
27.3,1
46.1,1
11.9,1
32.0,1
50.2,1
11.6,0
47.8,1
10.8,0
14.1,1
54.9,1
28.9,0
52.7,1
68.2,1
51.0,1
9.4,0
78.0,0
39.2,1
5.2,0
31.5,1
93.1,1
65.8,1
80.8,1
83.8,0
39.4,0
0.6,1
4.2,1
15.4,1
7.9,0
83.0,1
20.8,1
24.2,1
21.3,0
71.1,1
73.4,1
3.5,1
16.1,1
29.3,1
49.1,1
39.6,1
14.1,0
32.5,0
11.3,1
79.8,1
47.7,1
26.0,1
63.9,0
61.9,0
36.3,0
38.0,1
33.0,1
40.8,1
58.9,1
5.5,0
0.2,1
32.9,1
19.4,1
25.6,0
44.7,1
23.8,1
47.8,1
2.5,1
0.2,0
17.1,1
66.5,1
43.6,1
81.6,0
56.9,1
72.4,1
13.6,0
93.9,1
55.0,1
16.5,1
54.2,1
24.3,1
75.5,1
30.0,1
31.7,1
52.3,1
78.7,0
37.0,0
30.5,1
71.8,1
22.4,1
74.2,1
85.4,0
26.4,1
92.2,1
12.6,1
17.8,0
32.6,0
23.6,1
16.5,1
44.3,0
28.0,1
18.9,0
4.8,1
54.7,1
19.8,1
13.9,1
1.6,1
5.5,0
31.9,1
20.7,1
72.5,1
57.4,1
40.8,1
31.9,0
31.7,0
6.3,1
14.8,0
3.0,1
77.0,1
67.1,1
11.6,1
5.1,1
66.8,1
39.2,1
27.3,1
44.9,1
57.2,0
16.5,1
6.1,0
29.0,0
45.0,1
36.1,1
58.5,1
51.8,1
40.3,1
50.9,1
47.8,1
16.9,1
28.0,1
92.2,1
10.2,0
25.0,1
84.5,1
54.2,1
17.8,0
19.9,1
13.1,1
49.4,0
11.1,0
35.9,1
47.3,0
31.4,1
36.3,1
33.7,1
65.5,0
19.0,1
79.1,0
64.8,1
20.2,1
27.2,0
35.5,1
3.2,1
66.4,0
45.0,1
26.1,0
42.1,1
36.2,0
26.9,1
30.1,1
59.9,1
66.2,1
39.5,1
16.0,1
56.1,0
16.2,0
72.6,1
16.7,1
12.8,0
37.9,1
19.3,1
39.1,1
53.4,1
38.1,1
65.1,0
64.7,1
57.3,1
37.4,1
75.9,1
43.9,0
32.5,1
10.2,1
71.5,1
28.3,0
86.7,1
34.7,1
69.6,1
8.0,1
69.7,1
16.1,0
26.0,1
65.1,0
41.1,1
86.5,1
6.7,0
22.8,1
26.8,0
44.7,1
48.1,1
24.2,1
62.2,1
1.3,0
10.1,0
57.6,1
88.8,1
22.1,1
72.0,1
55.4,1
57.6,1
69.6,1
24.0,1
70.9,1
47.9,1
9.1,0
13.4,1
97.7,1
64.6,1
24.3,0
19.8,1
24.2,1
62.0,1
51.6,0
31.4,1
61.8,0
24.9,1
69.6,0
32.9,0
18.3,1
45.3,1
0.9,1
18.5,1
22.0,0
33.2,1
28.5,1
83.6,1
61.7,1
22.2,1
4.5,1
56.8,1
73.7,1
26.6,1
52.2,1
18.2,0
37.9,1
32.9,1
9.8,1
54.8,1
21.2,1
17.3,1
12.2,1
19.4,0
90.5,1
87.8,1
50.6,1
41.9,1
22.8,1
71.6,0
27.3,1
7.4,1
20.3,1
5.2,0
45.2,1
34.1,1
15.6,1
4.7,1
28.1,1
42.2,1
36.4,1
11.1,1
75.5,1
18.7,1
14.5,1
9.6,0
64.3,1
54.2,1
69.4,1
38.0,1
14.3,1
15.3,1
49.1,1
90.0,1
25.9,0
73.1,1
41.9,1
99.5,1
38.9,0
21.9,1
49.5,0
15.3,1
77.1,1
41.5,1
15.4,0
10.3,0
9.1,0
6.7,1
0.5,0
64.3,1
56.4,1
11.9,1
91.0,1
16.9,0
14.2,1
45.6,1
27.0,1
78.3,1
20.1,1
76.8,0
65.8,1
28.3,1
65.3,1
43.9,1
31.1,1
0.2,0
59.7,1
83.3,1
6.1,1
14.5,0
20.7,0
81.8,0
15.7,0
15.3,1
32.1,1
12.0,1
96.2,1
21.5,1
15.8,1
30.1,1
90.2,1
10.4,0
23.3,1
59.6,1
77.4,1
5.2,1
46.9,0
14.7,0
23.9,1
56.4,1
29.8,1
42.6,1
8.8,0
20.8,0
29.1,1
47.8,1
36.9,0
25.8,1
29.2,0
68.4,1
76.5,1
32.8,1
17.9,0
22.8,1
32.7,0
32.5,1
50.2,0
3.6,1
49.8,1
19.0,0
33.0,0
53.3,0
88.4,1
37.9,1
19.6,1
1.0,1
52.9,1
3.5,1
40.2,1
22.9,1
86.7,1
58.9,1
9.6,1
58.2,1
9.8,1
63.3,1
32.3,1
33.1,1
8.1,0
46.7,0
78.8,1
8.0,1
18.1,0
54.8,1
42.7,1
1.1,1
98.3,0
17.9,0
19.2,1
7.3,1
29.3,1
35.6,1
71.0,1
23.2,1
2.5,0
48.1,0
12.0,1
10.0,0
48.8,1
82.4,1
14.2,1
51.3,1
4.6,1
19.2,1
57.2,0
19.2,1
21.4,1
21.0,0
73.9,1
35.8,1
58.5,1
46.8,1
88.2,1
83.5,0
67.6,1
21.1,1
23.6,0
16.3,1
39.6,1
7.6,0
35.7,1
72.1,1
56.4,1
25.8,1
73.1,1
17.8,0
4.9,1
7.0,0
25.7,1
95.6,1
23.8,1
20.1,0
0.8,0
12.6,1
49.9,1
26.4,1
29.6,1
0.8,0
57.4,1
80.4,1
75.1,1
68.7,1
57.1,1
86.9,1
0.0,1
12.8,1
78.2,1
23.3,1
9.7,1
72.3,0
45.0,1
9.0,0
22.9,1
67.5,1
18.3,1
30.8,1
53.2,0
96.1,1
70.7,1
38.2,0
79.8,1
51.2,0
26.4,0
30.5,1
60.0,1
17.2,1
20.3,1
57.3,1
54.4,1
7.5,1
31.4,1
62.9,1
54.0,1
46.3,0
48.7,1
31.7,1
7.6,1
4.8,1
53.7,1
91.0,1
36.7,0
14.0,0
77.7,1
50.3,1
17.0,0
45.3,1
24.2,1
21.2,1
40.1,1
13.6,1
7.3,1
6.7,1
21.4,1
31.6,1
5.1,1
29.6,1
44.4,1
19.1,0
57.0,1
15.6,1
48.0,0
4.2,0
17.8,1
31.5,1
1.9,1
87.4,0
0.3,1
21.8,1
44.0,1
27.2,0
40.0,1
73.3,1
7.6,1
24.0,1
22.9,1
33.4,1
81.1,1
88.7,1
30.0,0
59.0,1
21.6,0
24.4,1
69.5,1
4.0,1
85.4,1
9.0,1
51.0,1
20.5,1
14.8,1
22.1,1
53.6,1
19.6,1
14.6,1
36.2,0
20.4,1
42.9,0
73.0,1
25.4,1
10.7,1
55.2,1
8.1,0
27.9,1
16.2,0
66.6,1
4.1,1
13.7,1
19.7,1
9.6,1
68.5,1
32.7,1
27.4,1
64.9,1
59.4,1
74.9,1
37.4,0
25.6,0
5.1,1
52.9,1
51.2,1
50.4,0
41.2,1
72.9,0
41.5,1
93.8,0
46.5,1
94.8,1
30.0,1
40.4,1
3.4,0
38.5,1
2.6,1
99.8,1
0.5,0
47.8,1
51.2,1
45.2,1
17.6,1
92.9,1
69.3,1
23.3,1
84.2,1
89.3,1
34.5,1
60.1,1
13.8,1
72.0,1
43.6,1
15.3,0
75.5,1
76.9,1
81.2,1
37.4,1
18.5,1
20.3,1
15.6,0
59.8,1
20.2,1
41.4,1
34.1,1
22.0,1
33.9,0
81.4,0
42.2,1
67.7,1
87.2,0
17.0,1
77.9,0
19.4,1
31.6,1
23.1,0
87.9,1
27.2,1
2.2,1
46.4,1
61.5,1
43.6,0
5.4,1
86.3,1
18.3,0
58.1,1
0.7,1
60.0,1
38.7,1
87.6,1
18.0,1
72.2,1
8.7,1
18.8,1
29.9,1
90.9,1
44.7,1
82.1,0
20.0,1
88.7,0
26.3,1
23.6,1
10.7,1
66.2,1
92.5,1
0.3,0
11.5,1
38.6,1
28.7,1
22.8,1
38.5,1
76.3,0
0.6,0
26.1,1
24.1,1
28.0,1
10.7,1
62.7,1
12.7,1
8.7,0
48.0,1
82.2,1
73.4,0
6.4,1
69.5,0
36.2,1
93.5,1
21.3,1
41.0,1
32.7,1
21.1,1
41.6,0
18.2,1
6.8,0
41.8,1
23.6,1
29.1,1
33.7,1
40.8,1
45.5,1
63.6,1
33.9,0
22.2,1
2.5,0
75.7,1
9.0,1
33.8,1
44.8,1
32.3,1
27.6,1
76.7,1
74.8,1
49.4,0
10.4,0
8.0,1
96.7,1
94.8,1
87.9,1
45.3,1
16.7,0
82.7,1
58.2,1
63.1,0
65.9,1
27.9,1
41.4,1
16.2,1
72.6,1
0.9,1
34.4,0
76.0,1
36.8,1
48.2,1
22.0,0
0.9,1
24.2,1
5.3,0
23.0,1
13.2,0
64.3,1
8.2,0
50.0,1
6.9,0
40.5,1
87.2,0
6.4,0
61.8,0
40.7,1
24.2,0
26.2,1
61.5,1
26.0,1
77.4,1
